day,part1_ms,part2_ms
1,3.340542,2.1415
2,185.548583,806.102792